Review_ID,Employee_ID,Review_Date,Performance_Rating,Bonus_Percentage
RV0001,EMP0001,2025-12-31,4.7,0.19
RV0002,EMP0002,2025-12-31,4.9,0.2
RV0003,EMP0003,2025-12-31,3.5,0.14
RV0004,EMP0004,2025-12-31,3.2,0.13
RV0005,EMP0005,2025-12-31,4.2,0.17
RV0006,EMP0006,2025-12-31,2.7,0.11
RV0007,EMP0007,2025-12-31,4.8,0.19
RV0008,EMP0008,2025-12-31,4.0,0.16
RV0009,EMP0009,2025-12-31,4.9,0.2
RV0010,EMP0010,2025-12-31,3.3,0.13
RV0011,EMP0011,2025-12-31,3.5,0.14
RV0012,EMP0012,2025-12-31,4.6,0.18
RV0013,EMP0013,2025-12-31,4.7,0.19
RV0014,EMP0014,2025-12-31,3.6,0.14
RV0015,EMP0015,2025-12-31,4.5,0.18
RV0016,EMP0016,2025-12-31,4.4,0.18
RV0017,EMP0017,2025-12-31,2.7,0.11
RV0018,EMP0018,2025-12-31,3.9,0.16
RV0019,EMP0019,2025-12-31,3.3,0.13
RV0020,EMP0020,2025-12-31,3.6,0.14
RV0021,EMP0021,2025-12-31,2.9,0.12
RV0022,EMP0022,2025-12-31,2.6,0.1
RV0023,EMP0023,2025-12-31,2.9,0.12
RV0024,EMP0024,2025-12-31,3.6,0.14
RV0025,EMP0025,2025-12-31,3.3,0.13
RV0026,EMP0026,2025-12-31,2.6,0.1
RV0027,EMP0027,2025-12-31,3.2,0.13
RV0028,EMP0028,2025-12-31,3.3,0.13
RV0029,EMP0029,2025-12-31,3.0,0.12
RV0030,EMP0030,2025-12-31,3.0,0.12
RV0031,EMP0031,2025-12-31,3.3,0.13
RV0032,EMP0032,2025-12-31,3.5,0.14
RV0033,EMP0033,2025-12-31,3.6,0.14
RV0034,EMP0034,2025-12-31,3.8,0.15
RV0035,EMP0035,2025-12-31,3.2,0.13
RV0036,EMP0036,2025-12-31,3.0,0.12
RV0037,EMP0037,2025-12-31,3.0,0.12
RV0038,EMP0038,2025-12-31,2.9,0.12
RV0039,EMP0039,2025-12-31,3.3,0.13
RV0040,EMP0040,2025-12-31,4.0,0.16
RV0041,EMP0041,2025-12-31,3.1,0.12
RV0042,EMP0042,2025-12-31,3.1,0.12
RV0043,EMP0043,2025-12-31,3.2,0.13
RV0044,EMP0044,2025-12-31,3.7,0.15
RV0045,EMP0045,2025-12-31,4.3,0.17
RV0046,EMP0046,2025-12-31,4.0,0.16
RV0047,EMP0047,2025-12-31,3.0,0.12
RV0048,EMP0048,2025-12-31,5.0,0.2
RV0049,EMP0049,2025-12-31,3.3,0.13
RV0050,EMP0050,2025-12-31,3.8,0.15
RV0051,EMP0051,2025-12-31,4.0,0.16
RV0052,EMP0052,2025-12-31,2.5,0.1
RV0053,EMP0053,2025-12-31,4.3,0.17
RV0054,EMP0054,2025-12-31,2.7,0.11
RV0055,EMP0055,2025-12-31,4.5,0.18
RV0056,EMP0056,2025-12-31,3.6,0.14
RV0057,EMP0057,2025-12-31,2.7,0.11
RV0058,EMP0058,2025-12-31,3.6,0.14
RV0059,EMP0059,2025-12-31,3.3,0.13
RV0060,EMP0060,2025-12-31,2.6,0.1
RV0061,EMP0061,2025-12-31,2.9,0.12
RV0062,EMP0062,2025-12-31,4.6,0.18
RV0063,EMP0063,2025-12-31,2.9,0.12
RV0064,EMP0064,2025-12-31,3.4,0.14
RV0065,EMP0065,2025-12-31,3.2,0.13
RV0066,EMP0066,2025-12-31,3.2,0.13
RV0067,EMP0067,2025-12-31,4.4,0.18
RV0068,EMP0068,2025-12-31,3.4,0.14
RV0069,EMP0069,2025-12-31,4.5,0.18
RV0070,EMP0070,2025-12-31,3.9,0.16
RV0071,EMP0071,2025-12-31,2.8,0.11
RV0072,EMP0072,2025-12-31,3.5,0.14
RV0073,EMP0073,2025-12-31,4.7,0.19
RV0074,EMP0074,2025-12-31,2.8,0.11
RV0075,EMP0075,2025-12-31,3.4,0.14
RV0076,EMP0076,2025-12-31,3.2,0.13
RV0077,EMP0077,2025-12-31,2.6,0.1
RV0078,EMP0078,2025-12-31,2.6,0.1
RV0079,EMP0079,2025-12-31,3.0,0.12
RV0080,EMP0080,2025-12-31,4.2,0.17
RV0081,EMP0081,2025-12-31,5.0,0.2
RV0082,EMP0082,2025-12-31,3.5,0.14
RV0083,EMP0083,2025-12-31,4.3,0.17
RV0084,EMP0084,2025-12-31,3.8,0.15
RV0085,EMP0085,2025-12-31,3.5,0.14
RV0086,EMP0086,2025-12-31,3.3,0.13
RV0087,EMP0087,2025-12-31,4.1,0.16
RV0088,EMP0088,2025-12-31,2.9,0.12
RV0089,EMP0089,2025-12-31,4.2,0.17
RV0090,EMP0090,2025-12-31,4.3,0.17
RV0091,EMP0091,2025-12-31,4.6,0.18
RV0092,EMP0092,2025-12-31,3.7,0.15
RV0093,EMP0093,2025-12-31,4.0,0.16
RV0094,EMP0094,2025-12-31,4.6,0.18
RV0095,EMP0095,2025-12-31,4.3,0.17
RV0096,EMP0096,2025-12-31,4.1,0.16
RV0097,EMP0097,2025-12-31,3.3,0.13
RV0098,EMP0098,2025-12-31,2.8,0.11
RV0099,EMP0099,2025-12-31,2.9,0.12
RV0100,EMP0100,2025-12-31,2.7,0.11
RV0101,EMP0101,2025-12-31,2.7,0.11
RV0102,EMP0102,2025-12-31,4.7,0.19
RV0103,EMP0103,2025-12-31,4.5,0.18
RV0104,EMP0104,2025-12-31,4.8,0.19
RV0105,EMP0105,2025-12-31,4.2,0.17
RV0106,EMP0106,2025-12-31,4.1,0.16
RV0107,EMP0107,2025-12-31,3.1,0.12
RV0108,EMP0108,2025-12-31,4.7,0.19
RV0109,EMP0109,2025-12-31,5.0,0.2
RV0110,EMP0110,2025-12-31,4.5,0.18
RV0111,EMP0111,2025-12-31,5.0,0.2
RV0112,EMP0112,2025-12-31,3.0,0.12
RV0113,EMP0113,2025-12-31,2.7,0.11
RV0114,EMP0114,2025-12-31,4.1,0.16
RV0115,EMP0115,2025-12-31,4.0,0.16
RV0116,EMP0116,2025-12-31,4.8,0.19
RV0117,EMP0117,2025-12-31,4.1,0.16
RV0118,EMP0118,2025-12-31,4.4,0.18
RV0119,EMP0119,2025-12-31,4.8,0.19
RV0120,EMP0120,2025-12-31,4.8,0.19
RV0121,EMP0121,2025-12-31,3.7,0.15
RV0122,EMP0122,2025-12-31,4.6,0.18
RV0123,EMP0123,2025-12-31,3.9,0.16
RV0124,EMP0124,2025-12-31,2.6,0.1
RV0125,EMP0125,2025-12-31,5.0,0.2
RV0126,EMP0126,2025-12-31,3.2,0.13
RV0127,EMP0127,2025-12-31,4.8,0.19
RV0128,EMP0128,2025-12-31,3.2,0.13
RV0129,EMP0129,2025-12-31,2.7,0.11
RV0130,EMP0130,2025-12-31,2.7,0.11
RV0131,EMP0131,2025-12-31,3.3,0.13
RV0132,EMP0132,2025-12-31,4.9,0.2
RV0133,EMP0133,2025-12-31,2.7,0.11
RV0134,EMP0134,2025-12-31,4.1,0.16
RV0135,EMP0135,2025-12-31,3.8,0.15
RV0136,EMP0136,2025-12-31,3.6,0.14
RV0137,EMP0137,2025-12-31,4.1,0.16
RV0138,EMP0138,2025-12-31,2.5,0.1
RV0139,EMP0139,2025-12-31,4.0,0.16
RV0140,EMP0140,2025-12-31,4.7,0.19
RV0141,EMP0141,2025-12-31,4.8,0.19
RV0142,EMP0142,2025-12-31,3.8,0.15
RV0143,EMP0143,2025-12-31,4.6,0.18
RV0144,EMP0144,2025-12-31,5.0,0.2
RV0145,EMP0145,2025-12-31,2.5,0.1
RV0146,EMP0146,2025-12-31,3.1,0.12
RV0147,EMP0147,2025-12-31,3.7,0.15
RV0148,EMP0148,2025-12-31,3.9,0.16
RV0149,EMP0149,2025-12-31,2.7,0.11
RV0150,EMP0150,2025-12-31,3.4,0.14
RV0151,EMP0151,2025-12-31,3.7,0.15
RV0152,EMP0152,2025-12-31,2.7,0.11
RV0153,EMP0153,2025-12-31,4.2,0.17
RV0154,EMP0154,2025-12-31,3.4,0.14
RV0155,EMP0155,2025-12-31,3.2,0.13
RV0156,EMP0156,2025-12-31,4.8,0.19
RV0157,EMP0157,2025-12-31,3.9,0.16
RV0158,EMP0158,2025-12-31,3.8,0.15
RV0159,EMP0159,2025-12-31,3.6,0.14
RV0160,EMP0160,2025-12-31,4.6,0.18
RV0161,EMP0161,2025-12-31,4.4,0.18
RV0162,EMP0162,2025-12-31,3.0,0.12
RV0163,EMP0163,2025-12-31,3.3,0.13
RV0164,EMP0164,2025-12-31,2.8,0.11
RV0165,EMP0165,2025-12-31,3.2,0.13
RV0166,EMP0166,2025-12-31,4.9,0.2
RV0167,EMP0167,2025-12-31,3.3,0.13
RV0168,EMP0168,2025-12-31,3.3,0.13
RV0169,EMP0169,2025-12-31,3.7,0.15
RV0170,EMP0170,2025-12-31,2.6,0.1
RV0171,EMP0171,2025-12-31,3.1,0.12
RV0172,EMP0172,2025-12-31,4.8,0.19
RV0173,EMP0173,2025-12-31,2.7,0.11
RV0174,EMP0174,2025-12-31,3.0,0.12
RV0175,EMP0175,2025-12-31,2.7,0.11
RV0176,EMP0176,2025-12-31,2.7,0.11
RV0177,EMP0177,2025-12-31,2.7,0.11
RV0178,EMP0178,2025-12-31,4.3,0.17
RV0179,EMP0179,2025-12-31,2.7,0.11
RV0180,EMP0180,2025-12-31,4.5,0.18
RV0181,EMP0181,2025-12-31,3.2,0.13
RV0182,EMP0182,2025-12-31,2.7,0.11
RV0183,EMP0183,2025-12-31,3.1,0.12
RV0184,EMP0184,2025-12-31,4.9,0.2
RV0185,EMP0185,2025-12-31,3.8,0.15
RV0186,EMP0186,2025-12-31,3.9,0.16
RV0187,EMP0187,2025-12-31,4.5,0.18
RV0188,EMP0188,2025-12-31,4.6,0.18
RV0189,EMP0189,2025-12-31,2.7,0.11
RV0190,EMP0190,2025-12-31,3.3,0.13
RV0191,EMP0191,2025-12-31,2.7,0.11
RV0192,EMP0192,2025-12-31,4.4,0.18
RV0193,EMP0193,2025-12-31,4.4,0.18
RV0194,EMP0194,2025-12-31,4.6,0.18
RV0195,EMP0195,2025-12-31,3.4,0.14
RV0196,EMP0196,2025-12-31,2.5,0.1
RV0197,EMP0197,2025-12-31,2.8,0.11
RV0198,EMP0198,2025-12-31,4.7,0.19
RV0199,EMP0199,2025-12-31,3.0,0.12
RV0200,EMP0200,2025-12-31,3.6,0.14
RV0201,EMP0201,2025-12-31,3.8,0.15
RV0202,EMP0202,2025-12-31,4.3,0.17
RV0203,EMP0203,2025-12-31,3.6,0.14
RV0204,EMP0204,2025-12-31,4.3,0.17
RV0205,EMP0205,2025-12-31,2.5,0.1
RV0206,EMP0206,2025-12-31,3.0,0.12
RV0207,EMP0207,2025-12-31,3.2,0.13
RV0208,EMP0208,2025-12-31,3.3,0.13
RV0209,EMP0209,2025-12-31,4.3,0.17
RV0210,EMP0210,2025-12-31,3.3,0.13
RV0211,EMP0211,2025-12-31,4.7,0.19
RV0212,EMP0212,2025-12-31,4.3,0.17
RV0213,EMP0213,2025-12-31,3.6,0.14
RV0214,EMP0214,2025-12-31,4.2,0.17
RV0215,EMP0215,2025-12-31,2.8,0.11
RV0216,EMP0216,2025-12-31,2.9,0.12
RV0217,EMP0217,2025-12-31,3.1,0.12
RV0218,EMP0218,2025-12-31,2.9,0.12
RV0219,EMP0219,2025-12-31,4.3,0.17
RV0220,EMP0220,2025-12-31,4.6,0.18
RV0221,EMP0221,2025-12-31,3.1,0.12
RV0222,EMP0222,2025-12-31,2.9,0.12
RV0223,EMP0223,2025-12-31,3.2,0.13
RV0224,EMP0224,2025-12-31,4.4,0.18
RV0225,EMP0225,2025-12-31,2.7,0.11
RV0226,EMP0226,2025-12-31,4.5,0.18
RV0227,EMP0227,2025-12-31,2.8,0.11
RV0228,EMP0228,2025-12-31,3.2,0.13
RV0229,EMP0229,2025-12-31,4.9,0.2
RV0230,EMP0230,2025-12-31,2.8,0.11
RV0231,EMP0231,2025-12-31,2.6,0.1
RV0232,EMP0232,2025-12-31,2.7,0.11
RV0233,EMP0233,2025-12-31,4.0,0.16
RV0234,EMP0234,2025-12-31,4.9,0.2
RV0235,EMP0235,2025-12-31,2.8,0.11
RV0236,EMP0236,2025-12-31,3.1,0.12
RV0237,EMP0237,2025-12-31,3.0,0.12
RV0238,EMP0238,2025-12-31,4.9,0.2
RV0239,EMP0239,2025-12-31,4.6,0.18
RV0240,EMP0240,2025-12-31,4.4,0.18
RV0241,EMP0241,2025-12-31,2.5,0.1
RV0242,EMP0242,2025-12-31,3.4,0.14
RV0243,EMP0243,2025-12-31,3.7,0.15
RV0244,EMP0244,2025-12-31,4.9,0.2
RV0245,EMP0245,2025-12-31,4.2,0.17
RV0246,EMP0246,2025-12-31,3.2,0.13
RV0247,EMP0247,2025-12-31,2.9,0.12
RV0248,EMP0248,2025-12-31,4.3,0.17
RV0249,EMP0249,2025-12-31,4.8,0.19
RV0250,EMP0250,2025-12-31,2.6,0.1
RV0251,EMP0251,2025-12-31,4.5,0.18
RV0252,EMP0252,2025-12-31,4.9,0.2
RV0253,EMP0253,2025-12-31,4.5,0.18
RV0254,EMP0254,2025-12-31,3.8,0.15
RV0255,EMP0255,2025-12-31,3.6,0.14
RV0256,EMP0256,2025-12-31,3.8,0.15
RV0257,EMP0257,2025-12-31,4.6,0.18
RV0258,EMP0258,2025-12-31,2.8,0.11
RV0259,EMP0259,2025-12-31,3.4,0.14
RV0260,EMP0260,2025-12-31,3.2,0.13
RV0261,EMP0261,2025-12-31,4.7,0.19
RV0262,EMP0262,2025-12-31,2.7,0.11
RV0263,EMP0263,2025-12-31,3.5,0.14
RV0264,EMP0264,2025-12-31,3.2,0.13
RV0265,EMP0265,2025-12-31,5.0,0.2
RV0266,EMP0266,2025-12-31,3.6,0.14
RV0267,EMP0267,2025-12-31,4.7,0.19
RV0268,EMP0268,2025-12-31,4.5,0.18
RV0269,EMP0269,2025-12-31,3.2,0.13
RV0270,EMP0270,2025-12-31,4.0,0.16
RV0271,EMP0271,2025-12-31,3.2,0.13
RV0272,EMP0272,2025-12-31,2.6,0.1
RV0273,EMP0273,2025-12-31,2.9,0.12
RV0274,EMP0274,2025-12-31,4.9,0.2
RV0275,EMP0275,2025-12-31,4.7,0.19
RV0276,EMP0276,2025-12-31,4.2,0.17
RV0277,EMP0277,2025-12-31,4.8,0.19
RV0278,EMP0278,2025-12-31,3.6,0.14
RV0279,EMP0279,2025-12-31,2.5,0.1
RV0280,EMP0280,2025-12-31,3.7,0.15
RV0281,EMP0281,2025-12-31,2.9,0.12
RV0282,EMP0282,2025-12-31,3.1,0.12
RV0283,EMP0283,2025-12-31,4.3,0.17
RV0284,EMP0284,2025-12-31,4.0,0.16
RV0285,EMP0285,2025-12-31,3.3,0.13
RV0286,EMP0286,2025-12-31,3.3,0.13
RV0287,EMP0287,2025-12-31,2.7,0.11
RV0288,EMP0288,2025-12-31,5.0,0.2
RV0289,EMP0289,2025-12-31,4.9,0.2
RV0290,EMP0290,2025-12-31,3.5,0.14
RV0291,EMP0291,2025-12-31,4.8,0.19
RV0292,EMP0292,2025-12-31,3.2,0.13
RV0293,EMP0293,2025-12-31,4.7,0.19
RV0294,EMP0294,2025-12-31,2.5,0.1
RV0295,EMP0295,2025-12-31,3.3,0.13
RV0296,EMP0296,2025-12-31,3.6,0.14
RV0297,EMP0297,2025-12-31,4.1,0.16
RV0298,EMP0298,2025-12-31,3.2,0.13
RV0299,EMP0299,2025-12-31,4.8,0.19
RV0300,EMP0300,2025-12-31,3.4,0.14
RV0301,EMP0301,2025-12-31,3.7,0.15
RV0302,EMP0302,2025-12-31,3.9,0.16
RV0303,EMP0303,2025-12-31,4.8,0.19
RV0304,EMP0304,2025-12-31,5.0,0.2
RV0305,EMP0305,2025-12-31,4.5,0.18
RV0306,EMP0306,2025-12-31,3.5,0.14
RV0307,EMP0307,2025-12-31,3.5,0.14
RV0308,EMP0308,2025-12-31,4.4,0.18
RV0309,EMP0309,2025-12-31,3.6,0.14
RV0310,EMP0310,2025-12-31,3.8,0.15
RV0311,EMP0311,2025-12-31,2.8,0.11
RV0312,EMP0312,2025-12-31,3.2,0.13
RV0313,EMP0313,2025-12-31,3.8,0.15
RV0314,EMP0314,2025-12-31,3.1,0.12
RV0315,EMP0315,2025-12-31,3.7,0.15
RV0316,EMP0316,2025-12-31,3.7,0.15
RV0317,EMP0317,2025-12-31,2.5,0.1
RV0318,EMP0318,2025-12-31,2.7,0.11
RV0319,EMP0319,2025-12-31,2.6,0.1
RV0320,EMP0320,2025-12-31,3.7,0.15
RV0321,EMP0321,2025-12-31,4.3,0.17
RV0322,EMP0322,2025-12-31,2.8,0.11
RV0323,EMP0323,2025-12-31,3.6,0.14
RV0324,EMP0324,2025-12-31,4.0,0.16
RV0325,EMP0325,2025-12-31,3.8,0.15
RV0326,EMP0326,2025-12-31,3.3,0.13
RV0327,EMP0327,2025-12-31,3.0,0.12
RV0328,EMP0328,2025-12-31,3.0,0.12
RV0329,EMP0329,2025-12-31,4.1,0.16
RV0330,EMP0330,2025-12-31,3.1,0.12
RV0331,EMP0331,2025-12-31,3.8,0.15
RV0332,EMP0332,2025-12-31,3.4,0.14
RV0333,EMP0333,2025-12-31,4.2,0.17
RV0334,EMP0334,2025-12-31,3.9,0.16
RV0335,EMP0335,2025-12-31,4.2,0.17
RV0336,EMP0336,2025-12-31,2.6,0.1
RV0337,EMP0337,2025-12-31,4.4,0.18
RV0338,EMP0338,2025-12-31,4.9,0.2
RV0339,EMP0339,2025-12-31,3.2,0.13
RV0340,EMP0340,2025-12-31,4.5,0.18
RV0341,EMP0341,2025-12-31,3.6,0.14
RV0342,EMP0342,2025-12-31,4.9,0.2
RV0343,EMP0343,2025-12-31,2.8,0.11
RV0344,EMP0344,2025-12-31,3.0,0.12
RV0345,EMP0345,2025-12-31,4.0,0.16
RV0346,EMP0346,2025-12-31,3.4,0.14
RV0347,EMP0347,2025-12-31,4.5,0.18
RV0348,EMP0348,2025-12-31,4.1,0.16
RV0349,EMP0349,2025-12-31,4.2,0.17
RV0350,EMP0350,2025-12-31,3.3,0.13
RV0351,EMP0351,2025-12-31,2.5,0.1
RV0352,EMP0352,2025-12-31,5.0,0.2
RV0353,EMP0353,2025-12-31,4.5,0.18
RV0354,EMP0354,2025-12-31,3.7,0.15
RV0355,EMP0355,2025-12-31,2.7,0.11
RV0356,EMP0356,2025-12-31,4.6,0.18
RV0357,EMP0357,2025-12-31,3.5,0.14
RV0358,EMP0358,2025-12-31,4.1,0.16
RV0359,EMP0359,2025-12-31,3.7,0.15
RV0360,EMP0360,2025-12-31,4.1,0.16
RV0361,EMP0361,2025-12-31,3.3,0.13
RV0362,EMP0362,2025-12-31,4.1,0.16
RV0363,EMP0363,2025-12-31,2.9,0.12
RV0364,EMP0364,2025-12-31,3.4,0.14
RV0365,EMP0365,2025-12-31,4.2,0.17
RV0366,EMP0366,2025-12-31,3.6,0.14
RV0367,EMP0367,2025-12-31,4.6,0.18
RV0368,EMP0368,2025-12-31,4.2,0.17
RV0369,EMP0369,2025-12-31,3.7,0.15
RV0370,EMP0370,2025-12-31,3.8,0.15
RV0371,EMP0371,2025-12-31,3.0,0.12
RV0372,EMP0372,2025-12-31,3.7,0.15
RV0373,EMP0373,2025-12-31,3.3,0.13
RV0374,EMP0374,2025-12-31,2.9,0.12
RV0375,EMP0375,2025-12-31,3.5,0.14
RV0376,EMP0376,2025-12-31,4.1,0.16
RV0377,EMP0377,2025-12-31,2.7,0.11
RV0378,EMP0378,2025-12-31,4.5,0.18
RV0379,EMP0379,2025-12-31,3.3,0.13
RV0380,EMP0380,2025-12-31,2.8,0.11
RV0381,EMP0381,2025-12-31,2.6,0.1
RV0382,EMP0382,2025-12-31,3.3,0.13
RV0383,EMP0383,2025-12-31,4.0,0.16
RV0384,EMP0384,2025-12-31,4.1,0.16
RV0385,EMP0385,2025-12-31,3.5,0.14
RV0386,EMP0386,2025-12-31,4.7,0.19
RV0387,EMP0387,2025-12-31,3.2,0.13
RV0388,EMP0388,2025-12-31,4.5,0.18
RV0389,EMP0389,2025-12-31,2.7,0.11
RV0390,EMP0390,2025-12-31,4.1,0.16
RV0391,EMP0391,2025-12-31,4.6,0.18
RV0392,EMP0392,2025-12-31,4.4,0.18
RV0393,EMP0393,2025-12-31,4.5,0.18
RV0394,EMP0394,2025-12-31,4.7,0.19
RV0395,EMP0395,2025-12-31,4.4,0.18
RV0396,EMP0396,2025-12-31,2.9,0.12
RV0397,EMP0397,2025-12-31,3.6,0.14
RV0398,EMP0398,2025-12-31,2.6,0.1
RV0399,EMP0399,2025-12-31,3.8,0.15
RV0400,EMP0400,2025-12-31,4.3,0.17
RV0401,EMP0401,2025-12-31,4.0,0.16
RV0402,EMP0402,2025-12-31,3.8,0.15
RV0403,EMP0403,2025-12-31,3.9,0.16
RV0404,EMP0404,2025-12-31,4.9,0.2
RV0405,EMP0405,2025-12-31,2.5,0.1
RV0406,EMP0406,2025-12-31,4.6,0.18
RV0407,EMP0407,2025-12-31,4.1,0.16
RV0408,EMP0408,2025-12-31,4.5,0.18
RV0409,EMP0409,2025-12-31,3.5,0.14
RV0410,EMP0410,2025-12-31,3.7,0.15
RV0411,EMP0411,2025-12-31,2.6,0.1
RV0412,EMP0412,2025-12-31,3.8,0.15
RV0413,EMP0413,2025-12-31,4.6,0.18
RV0414,EMP0414,2025-12-31,3.9,0.16
RV0415,EMP0415,2025-12-31,4.4,0.18
RV0416,EMP0416,2025-12-31,3.4,0.14
RV0417,EMP0417,2025-12-31,3.4,0.14
RV0418,EMP0418,2025-12-31,4.2,0.17
RV0419,EMP0419,2025-12-31,3.1,0.12
RV0420,EMP0420,2025-12-31,3.0,0.12
RV0421,EMP0421,2025-12-31,3.1,0.12
RV0422,EMP0422,2025-12-31,4.4,0.18
RV0423,EMP0423,2025-12-31,4.2,0.17
RV0424,EMP0424,2025-12-31,3.2,0.13
RV0425,EMP0425,2025-12-31,4.9,0.2
RV0426,EMP0426,2025-12-31,2.9,0.12
RV0427,EMP0427,2025-12-31,4.7,0.19
RV0428,EMP0428,2025-12-31,3.8,0.15
RV0429,EMP0429,2025-12-31,3.5,0.14
RV0430,EMP0430,2025-12-31,3.4,0.14
RV0431,EMP0431,2025-12-31,4.6,0.18
RV0432,EMP0432,2025-12-31,4.3,0.17
RV0433,EMP0433,2025-12-31,3.0,0.12
RV0434,EMP0434,2025-12-31,2.6,0.1
RV0435,EMP0435,2025-12-31,4.2,0.17
RV0436,EMP0436,2025-12-31,3.8,0.15
RV0437,EMP0437,2025-12-31,4.7,0.19
RV0438,EMP0438,2025-12-31,2.7,0.11
RV0439,EMP0439,2025-12-31,3.8,0.15
RV0440,EMP0440,2025-12-31,3.8,0.15
RV0441,EMP0441,2025-12-31,3.4,0.14
RV0442,EMP0442,2025-12-31,3.4,0.14
RV0443,EMP0443,2025-12-31,4.5,0.18
RV0444,EMP0444,2025-12-31,3.1,0.12
RV0445,EMP0445,2025-12-31,3.4,0.14
RV0446,EMP0446,2025-12-31,4.6,0.18
RV0447,EMP0447,2025-12-31,4.8,0.19
RV0448,EMP0448,2025-12-31,4.7,0.19
RV0449,EMP0449,2025-12-31,4.8,0.19
RV0450,EMP0450,2025-12-31,3.4,0.14
RV0451,EMP0451,2025-12-31,2.7,0.11
RV0452,EMP0452,2025-12-31,3.2,0.13
RV0453,EMP0453,2025-12-31,3.9,0.16
RV0454,EMP0454,2025-12-31,3.1,0.12
RV0455,EMP0455,2025-12-31,4.4,0.18
RV0456,EMP0456,2025-12-31,4.8,0.19
RV0457,EMP0457,2025-12-31,3.7,0.15
RV0458,EMP0458,2025-12-31,3.8,0.15
RV0459,EMP0459,2025-12-31,3.8,0.15
RV0460,EMP0460,2025-12-31,3.9,0.16
RV0461,EMP0461,2025-12-31,3.7,0.15
RV0462,EMP0462,2025-12-31,2.5,0.1
RV0463,EMP0463,2025-12-31,3.8,0.15
RV0464,EMP0464,2025-12-31,4.5,0.18
RV0465,EMP0465,2025-12-31,3.4,0.14
RV0466,EMP0466,2025-12-31,4.9,0.2
RV0467,EMP0467,2025-12-31,3.7,0.15
RV0468,EMP0468,2025-12-31,4.8,0.19
RV0469,EMP0469,2025-12-31,3.3,0.13
RV0470,EMP0470,2025-12-31,3.4,0.14
RV0471,EMP0471,2025-12-31,4.6,0.18
RV0472,EMP0472,2025-12-31,4.0,0.16
RV0473,EMP0473,2025-12-31,4.9,0.2
RV0474,EMP0474,2025-12-31,3.4,0.14
RV0475,EMP0475,2025-12-31,3.5,0.14
RV0476,EMP0476,2025-12-31,3.5,0.14
RV0477,EMP0477,2025-12-31,3.1,0.12
RV0478,EMP0478,2025-12-31,3.5,0.14
RV0479,EMP0479,2025-12-31,4.2,0.17
RV0480,EMP0480,2025-12-31,3.8,0.15
RV0481,EMP0481,2025-12-31,3.2,0.13
RV0482,EMP0482,2025-12-31,4.9,0.2
RV0483,EMP0483,2025-12-31,3.2,0.13
RV0484,EMP0484,2025-12-31,4.9,0.2
RV0485,EMP0485,2025-12-31,4.4,0.18
RV0486,EMP0486,2025-12-31,3.9,0.16
RV0487,EMP0487,2025-12-31,3.4,0.14
RV0488,EMP0488,2025-12-31,4.9,0.2
RV0489,EMP0489,2025-12-31,3.2,0.13
RV0490,EMP0490,2025-12-31,3.8,0.15
RV0491,EMP0491,2025-12-31,3.6,0.14
RV0492,EMP0492,2025-12-31,4.5,0.18
RV0493,EMP0493,2025-12-31,3.3,0.13
RV0494,EMP0494,2025-12-31,2.9,0.12
RV0495,EMP0495,2025-12-31,3.4,0.14
RV0496,EMP0496,2025-12-31,4.9,0.2
RV0497,EMP0497,2025-12-31,5.0,0.2
RV0498,EMP0498,2025-12-31,4.3,0.17
RV0499,EMP0499,2025-12-31,3.3,0.13
RV0500,EMP0500,2025-12-31,3.9,0.16
RV0501,EMP0501,2025-12-31,3.2,0.13
RV0502,EMP0502,2025-12-31,2.7,0.11
RV0503,EMP0503,2025-12-31,3.4,0.14
RV0504,EMP0504,2025-12-31,4.7,0.19
RV0505,EMP0505,2025-12-31,4.5,0.18
RV0506,EMP0506,2025-12-31,2.9,0.12
RV0507,EMP0507,2025-12-31,4.2,0.17
RV0508,EMP0508,2025-12-31,3.2,0.13
RV0509,EMP0509,2025-12-31,3.9,0.16
RV0510,EMP0510,2025-12-31,5.0,0.2
RV0511,EMP0511,2025-12-31,2.8,0.11
RV0512,EMP0512,2025-12-31,3.9,0.16
RV0513,EMP0513,2025-12-31,3.5,0.14
RV0514,EMP0514,2025-12-31,3.0,0.12
RV0515,EMP0515,2025-12-31,4.7,0.19
RV0516,EMP0516,2025-12-31,2.7,0.11
RV0517,EMP0517,2025-12-31,5.0,0.2
RV0518,EMP0518,2025-12-31,3.1,0.12
RV0519,EMP0519,2025-12-31,2.8,0.11
RV0520,EMP0520,2025-12-31,4.3,0.17
RV0521,EMP0521,2025-12-31,4.2,0.17
RV0522,EMP0522,2025-12-31,2.9,0.12
RV0523,EMP0523,2025-12-31,4.1,0.16
RV0524,EMP0524,2025-12-31,3.0,0.12
RV0525,EMP0525,2025-12-31,3.3,0.13
RV0526,EMP0526,2025-12-31,4.7,0.19
RV0527,EMP0527,2025-12-31,4.3,0.17
RV0528,EMP0528,2025-12-31,3.4,0.14
RV0529,EMP0529,2025-12-31,2.8,0.11
RV0530,EMP0530,2025-12-31,4.5,0.18
RV0531,EMP0531,2025-12-31,4.6,0.18
RV0532,EMP0532,2025-12-31,3.0,0.12
RV0533,EMP0533,2025-12-31,4.9,0.2
RV0534,EMP0534,2025-12-31,3.3,0.13
RV0535,EMP0535,2025-12-31,3.4,0.14
RV0536,EMP0536,2025-12-31,4.2,0.17
RV0537,EMP0537,2025-12-31,3.2,0.13
RV0538,EMP0538,2025-12-31,3.1,0.12
RV0539,EMP0539,2025-12-31,3.3,0.13
RV0540,EMP0540,2025-12-31,3.8,0.15
RV0541,EMP0541,2025-12-31,4.7,0.19
RV0542,EMP0542,2025-12-31,4.8,0.19
RV0543,EMP0543,2025-12-31,4.6,0.18
RV0544,EMP0544,2025-12-31,4.0,0.16
RV0545,EMP0545,2025-12-31,4.8,0.19
RV0546,EMP0546,2025-12-31,4.9,0.2
RV0547,EMP0547,2025-12-31,3.4,0.14
RV0548,EMP0548,2025-12-31,2.9,0.12
RV0549,EMP0549,2025-12-31,4.2,0.17
RV0550,EMP0550,2025-12-31,3.3,0.13
RV0551,EMP0551,2025-12-31,4.9,0.2
RV0552,EMP0552,2025-12-31,3.1,0.12
RV0553,EMP0553,2025-12-31,3.1,0.12
RV0554,EMP0554,2025-12-31,4.2,0.17
RV0555,EMP0555,2025-12-31,4.7,0.19
RV0556,EMP0556,2025-12-31,3.0,0.12
RV0557,EMP0557,2025-12-31,2.9,0.12
RV0558,EMP0558,2025-12-31,4.5,0.18
RV0559,EMP0559,2025-12-31,4.1,0.16
RV0560,EMP0560,2025-12-31,4.4,0.18
RV0561,EMP0561,2025-12-31,4.6,0.18
RV0562,EMP0562,2025-12-31,3.8,0.15
RV0563,EMP0563,2025-12-31,4.1,0.16
RV0564,EMP0564,2025-12-31,3.7,0.15
RV0565,EMP0565,2025-12-31,4.2,0.17
RV0566,EMP0566,2025-12-31,3.2,0.13
RV0567,EMP0567,2025-12-31,2.6,0.1
RV0568,EMP0568,2025-12-31,2.7,0.11
RV0569,EMP0569,2025-12-31,2.9,0.12
RV0570,EMP0570,2025-12-31,3.1,0.12
RV0571,EMP0571,2025-12-31,2.9,0.12
RV0572,EMP0572,2025-12-31,4.6,0.18
RV0573,EMP0573,2025-12-31,2.6,0.1
RV0574,EMP0574,2025-12-31,3.7,0.15
RV0575,EMP0575,2025-12-31,3.1,0.12
RV0576,EMP0576,2025-12-31,2.9,0.12
RV0577,EMP0577,2025-12-31,3.3,0.13
RV0578,EMP0578,2025-12-31,3.4,0.14
RV0579,EMP0579,2025-12-31,4.6,0.18
RV0580,EMP0580,2025-12-31,2.9,0.12
RV0581,EMP0581,2025-12-31,2.5,0.1
RV0582,EMP0582,2025-12-31,2.6,0.1
RV0583,EMP0583,2025-12-31,2.5,0.1
RV0584,EMP0584,2025-12-31,3.9,0.16
RV0585,EMP0585,2025-12-31,4.2,0.17
RV0586,EMP0586,2025-12-31,4.9,0.2
RV0587,EMP0587,2025-12-31,4.2,0.17
RV0588,EMP0588,2025-12-31,4.8,0.19
RV0589,EMP0589,2025-12-31,4.5,0.18
RV0590,EMP0590,2025-12-31,4.6,0.18
RV0591,EMP0591,2025-12-31,3.7,0.15
RV0592,EMP0592,2025-12-31,2.7,0.11
RV0593,EMP0593,2025-12-31,3.1,0.12
RV0594,EMP0594,2025-12-31,4.3,0.17
RV0595,EMP0595,2025-12-31,4.7,0.19
RV0596,EMP0596,2025-12-31,3.3,0.13
RV0597,EMP0597,2025-12-31,2.7,0.11
RV0598,EMP0598,2025-12-31,3.2,0.13
RV0599,EMP0599,2025-12-31,4.9,0.2
RV0600,EMP0600,2025-12-31,4.7,0.19
RV0601,EMP0601,2025-12-31,3.6,0.14
RV0602,EMP0602,2025-12-31,4.6,0.18
RV0603,EMP0603,2025-12-31,4.6,0.18
RV0604,EMP0604,2025-12-31,3.8,0.15
RV0605,EMP0605,2025-12-31,5.0,0.2
RV0606,EMP0606,2025-12-31,4.2,0.17
RV0607,EMP0607,2025-12-31,3.9,0.16
RV0608,EMP0608,2025-12-31,3.2,0.13
RV0609,EMP0609,2025-12-31,3.2,0.13
RV0610,EMP0610,2025-12-31,2.9,0.12
RV0611,EMP0611,2025-12-31,2.5,0.1
RV0612,EMP0612,2025-12-31,3.4,0.14
RV0613,EMP0613,2025-12-31,3.3,0.13
RV0614,EMP0614,2025-12-31,3.5,0.14
RV0615,EMP0615,2025-12-31,3.8,0.15
RV0616,EMP0616,2025-12-31,4.0,0.16
RV0617,EMP0617,2025-12-31,4.8,0.19
RV0618,EMP0618,2025-12-31,3.7,0.15
RV0619,EMP0619,2025-12-31,4.9,0.2
RV0620,EMP0620,2025-12-31,4.5,0.18
RV0621,EMP0621,2025-12-31,4.7,0.19
RV0622,EMP0622,2025-12-31,3.5,0.14
RV0623,EMP0623,2025-12-31,4.2,0.17
RV0624,EMP0624,2025-12-31,5.0,0.2
RV0625,EMP0625,2025-12-31,3.5,0.14
RV0626,EMP0626,2025-12-31,4.1,0.16
RV0627,EMP0627,2025-12-31,4.4,0.18
RV0628,EMP0628,2025-12-31,3.7,0.15
RV0629,EMP0629,2025-12-31,2.8,0.11
RV0630,EMP0630,2025-12-31,4.3,0.17
RV0631,EMP0631,2025-12-31,4.5,0.18
RV0632,EMP0632,2025-12-31,4.9,0.2
RV0633,EMP0633,2025-12-31,4.7,0.19
RV0634,EMP0634,2025-12-31,2.6,0.1
RV0635,EMP0635,2025-12-31,3.8,0.15
RV0636,EMP0636,2025-12-31,3.3,0.13
RV0637,EMP0637,2025-12-31,4.5,0.18
RV0638,EMP0638,2025-12-31,3.3,0.13
RV0639,EMP0639,2025-12-31,4.2,0.17
RV0640,EMP0640,2025-12-31,4.1,0.16
RV0641,EMP0641,2025-12-31,2.6,0.1
RV0642,EMP0642,2025-12-31,4.5,0.18
RV0643,EMP0643,2025-12-31,3.0,0.12
RV0644,EMP0644,2025-12-31,3.4,0.14
RV0645,EMP0645,2025-12-31,3.4,0.14
RV0646,EMP0646,2025-12-31,3.1,0.12
RV0647,EMP0647,2025-12-31,2.6,0.1
RV0648,EMP0648,2025-12-31,3.9,0.16
RV0649,EMP0649,2025-12-31,4.8,0.19
RV0650,EMP0650,2025-12-31,3.8,0.15
RV0651,EMP0651,2025-12-31,4.3,0.17
RV0652,EMP0652,2025-12-31,4.3,0.17
RV0653,EMP0653,2025-12-31,3.4,0.14
RV0654,EMP0654,2025-12-31,3.4,0.14
RV0655,EMP0655,2025-12-31,3.6,0.14
RV0656,EMP0656,2025-12-31,4.2,0.17
RV0657,EMP0657,2025-12-31,4.3,0.17
RV0658,EMP0658,2025-12-31,2.7,0.11
RV0659,EMP0659,2025-12-31,4.1,0.16
RV0660,EMP0660,2025-12-31,2.8,0.11
RV0661,EMP0661,2025-12-31,3.4,0.14
RV0662,EMP0662,2025-12-31,3.0,0.12
RV0663,EMP0663,2025-12-31,4.2,0.17
RV0664,EMP0664,2025-12-31,4.2,0.17
RV0665,EMP0665,2025-12-31,4.3,0.17
RV0666,EMP0666,2025-12-31,3.4,0.14
RV0667,EMP0667,2025-12-31,3.1,0.12
RV0668,EMP0668,2025-12-31,4.1,0.16
RV0669,EMP0669,2025-12-31,3.9,0.16
RV0670,EMP0670,2025-12-31,2.5,0.1
RV0671,EMP0671,2025-12-31,4.2,0.17
RV0672,EMP0672,2025-12-31,4.4,0.18
RV0673,EMP0673,2025-12-31,4.2,0.17
RV0674,EMP0674,2025-12-31,5.0,0.2
RV0675,EMP0675,2025-12-31,4.7,0.19
RV0676,EMP0676,2025-12-31,3.2,0.13
RV0677,EMP0677,2025-12-31,4.0,0.16
RV0678,EMP0678,2025-12-31,3.7,0.15
RV0679,EMP0679,2025-12-31,3.6,0.14
RV0680,EMP0680,2025-12-31,4.7,0.19
RV0681,EMP0681,2025-12-31,4.7,0.19
RV0682,EMP0682,2025-12-31,4.3,0.17
RV0683,EMP0683,2025-12-31,4.6,0.18
RV0684,EMP0684,2025-12-31,3.4,0.14
RV0685,EMP0685,2025-12-31,4.9,0.2
RV0686,EMP0686,2025-12-31,4.5,0.18
RV0687,EMP0687,2025-12-31,3.4,0.14
RV0688,EMP0688,2025-12-31,2.9,0.12
RV0689,EMP0689,2025-12-31,3.5,0.14
RV0690,EMP0690,2025-12-31,2.5,0.1
RV0691,EMP0691,2025-12-31,3.2,0.13
RV0692,EMP0692,2025-12-31,4.9,0.2
RV0693,EMP0693,2025-12-31,2.6,0.1
RV0694,EMP0694,2025-12-31,3.2,0.13
RV0695,EMP0695,2025-12-31,2.8,0.11
RV0696,EMP0696,2025-12-31,3.3,0.13
RV0697,EMP0697,2025-12-31,3.4,0.14
RV0698,EMP0698,2025-12-31,4.5,0.18
RV0699,EMP0699,2025-12-31,4.7,0.19
RV0700,EMP0700,2025-12-31,3.6,0.14
RV0701,EMP0701,2025-12-31,2.9,0.12
RV0702,EMP0702,2025-12-31,3.3,0.13
RV0703,EMP0703,2025-12-31,2.6,0.1
RV0704,EMP0704,2025-12-31,4.6,0.18
RV0705,EMP0705,2025-12-31,4.4,0.18
RV0706,EMP0706,2025-12-31,4.6,0.18
RV0707,EMP0707,2025-12-31,2.8,0.11
RV0708,EMP0708,2025-12-31,2.6,0.1
RV0709,EMP0709,2025-12-31,3.8,0.15
RV0710,EMP0710,2025-12-31,4.7,0.19
RV0711,EMP0711,2025-12-31,2.5,0.1
RV0712,EMP0712,2025-12-31,4.4,0.18
RV0713,EMP0713,2025-12-31,3.8,0.15
RV0714,EMP0714,2025-12-31,4.8,0.19
RV0715,EMP0715,2025-12-31,4.2,0.17
RV0716,EMP0716,2025-12-31,3.9,0.16
RV0717,EMP0717,2025-12-31,2.9,0.12
RV0718,EMP0718,2025-12-31,2.7,0.11
RV0719,EMP0719,2025-12-31,3.3,0.13
RV0720,EMP0720,2025-12-31,3.5,0.14
RV0721,EMP0721,2025-12-31,4.6,0.18
RV0722,EMP0722,2025-12-31,4.0,0.16
RV0723,EMP0723,2025-12-31,3.6,0.14
RV0724,EMP0724,2025-12-31,2.7,0.11
RV0725,EMP0725,2025-12-31,3.0,0.12
RV0726,EMP0726,2025-12-31,4.2,0.17
RV0727,EMP0727,2025-12-31,2.9,0.12
RV0728,EMP0728,2025-12-31,3.6,0.14
RV0729,EMP0729,2025-12-31,4.8,0.19
RV0730,EMP0730,2025-12-31,2.6,0.1
RV0731,EMP0731,2025-12-31,4.1,0.16
RV0732,EMP0732,2025-12-31,4.0,0.16
RV0733,EMP0733,2025-12-31,4.1,0.16
RV0734,EMP0734,2025-12-31,4.7,0.19
RV0735,EMP0735,2025-12-31,3.5,0.14
RV0736,EMP0736,2025-12-31,4.6,0.18
RV0737,EMP0737,2025-12-31,3.0,0.12
RV0738,EMP0738,2025-12-31,3.1,0.12
RV0739,EMP0739,2025-12-31,3.7,0.15
RV0740,EMP0740,2025-12-31,3.0,0.12
RV0741,EMP0741,2025-12-31,3.2,0.13
RV0742,EMP0742,2025-12-31,4.0,0.16
RV0743,EMP0743,2025-12-31,4.5,0.18
RV0744,EMP0744,2025-12-31,4.6,0.18
RV0745,EMP0745,2025-12-31,4.3,0.17
RV0746,EMP0746,2025-12-31,2.6,0.1
RV0747,EMP0747,2025-12-31,4.3,0.17
RV0748,EMP0748,2025-12-31,4.2,0.17
RV0749,EMP0749,2025-12-31,4.6,0.18
RV0750,EMP0750,2025-12-31,3.3,0.13
RV0751,EMP0751,2025-12-31,5.0,0.2
RV0752,EMP0752,2025-12-31,2.8,0.11
RV0753,EMP0753,2025-12-31,4.4,0.18
RV0754,EMP0754,2025-12-31,4.9,0.2
RV0755,EMP0755,2025-12-31,3.3,0.13
RV0756,EMP0756,2025-12-31,4.6,0.18
RV0757,EMP0757,2025-12-31,3.7,0.15
RV0758,EMP0758,2025-12-31,4.1,0.16
RV0759,EMP0759,2025-12-31,3.2,0.13
RV0760,EMP0760,2025-12-31,3.0,0.12
RV0761,EMP0761,2025-12-31,3.2,0.13
RV0762,EMP0762,2025-12-31,2.6,0.1
RV0763,EMP0763,2025-12-31,4.3,0.17
RV0764,EMP0764,2025-12-31,3.9,0.16
RV0765,EMP0765,2025-12-31,4.8,0.19
RV0766,EMP0766,2025-12-31,2.8,0.11
RV0767,EMP0767,2025-12-31,4.0,0.16
RV0768,EMP0768,2025-12-31,3.4,0.14
RV0769,EMP0769,2025-12-31,3.4,0.14
RV0770,EMP0770,2025-12-31,3.7,0.15
RV0771,EMP0771,2025-12-31,3.6,0.14
RV0772,EMP0772,2025-12-31,4.0,0.16
RV0773,EMP0773,2025-12-31,3.9,0.16
RV0774,EMP0774,2025-12-31,3.3,0.13
RV0775,EMP0775,2025-12-31,3.6,0.14
RV0776,EMP0776,2025-12-31,4.1,0.16
RV0777,EMP0777,2025-12-31,2.8,0.11
RV0778,EMP0778,2025-12-31,4.8,0.19
RV0779,EMP0779,2025-12-31,3.8,0.15
RV0780,EMP0780,2025-12-31,4.6,0.18
RV0781,EMP0781,2025-12-31,2.6,0.1
RV0782,EMP0782,2025-12-31,4.0,0.16
RV0783,EMP0783,2025-12-31,4.6,0.18
RV0784,EMP0784,2025-12-31,3.0,0.12
RV0785,EMP0785,2025-12-31,3.0,0.12
RV0786,EMP0786,2025-12-31,2.6,0.1
RV0787,EMP0787,2025-12-31,3.5,0.14
RV0788,EMP0788,2025-12-31,4.2,0.17
RV0789,EMP0789,2025-12-31,3.9,0.16
RV0790,EMP0790,2025-12-31,3.3,0.13
RV0791,EMP0791,2025-12-31,2.9,0.12
RV0792,EMP0792,2025-12-31,4.7,0.19
RV0793,EMP0793,2025-12-31,2.8,0.11
RV0794,EMP0794,2025-12-31,4.6,0.18
RV0795,EMP0795,2025-12-31,3.3,0.13
RV0796,EMP0796,2025-12-31,3.0,0.12
RV0797,EMP0797,2025-12-31,3.7,0.15
RV0798,EMP0798,2025-12-31,2.6,0.1
RV0799,EMP0799,2025-12-31,3.1,0.12
RV0800,EMP0800,2025-12-31,4.6,0.18
RV0801,EMP0801,2025-12-31,4.4,0.18
RV0802,EMP0802,2025-12-31,4.8,0.19
RV0803,EMP0803,2025-12-31,3.2,0.13
RV0804,EMP0804,2025-12-31,4.6,0.18
RV0805,EMP0805,2025-12-31,4.9,0.2
RV0806,EMP0806,2025-12-31,2.9,0.12
RV0807,EMP0807,2025-12-31,2.6,0.1
RV0808,EMP0808,2025-12-31,3.9,0.16
RV0809,EMP0809,2025-12-31,4.4,0.18
RV0810,EMP0810,2025-12-31,2.9,0.12
RV0811,EMP0811,2025-12-31,3.4,0.14
RV0812,EMP0812,2025-12-31,3.1,0.12
RV0813,EMP0813,2025-12-31,4.2,0.17
RV0814,EMP0814,2025-12-31,4.8,0.19
RV0815,EMP0815,2025-12-31,2.5,0.1
RV0816,EMP0816,2025-12-31,4.7,0.19
RV0817,EMP0817,2025-12-31,2.9,0.12
RV0818,EMP0818,2025-12-31,4.3,0.17
RV0819,EMP0819,2025-12-31,5.0,0.2
RV0820,EMP0820,2025-12-31,2.8,0.11
RV0821,EMP0821,2025-12-31,3.6,0.14
RV0822,EMP0822,2025-12-31,3.0,0.12
RV0823,EMP0823,2025-12-31,3.1,0.12
RV0824,EMP0824,2025-12-31,4.9,0.2
RV0825,EMP0825,2025-12-31,3.1,0.12
RV0826,EMP0826,2025-12-31,4.2,0.17
RV0827,EMP0827,2025-12-31,4.0,0.16
RV0828,EMP0828,2025-12-31,3.7,0.15
RV0829,EMP0829,2025-12-31,2.8,0.11
RV0830,EMP0830,2025-12-31,3.4,0.14
RV0831,EMP0831,2025-12-31,4.4,0.18
RV0832,EMP0832,2025-12-31,4.1,0.16
RV0833,EMP0833,2025-12-31,4.1,0.16
RV0834,EMP0834,2025-12-31,2.9,0.12
RV0835,EMP0835,2025-12-31,4.8,0.19
RV0836,EMP0836,2025-12-31,3.3,0.13
RV0837,EMP0837,2025-12-31,2.9,0.12
RV0838,EMP0838,2025-12-31,4.4,0.18
RV0839,EMP0839,2025-12-31,2.7,0.11
RV0840,EMP0840,2025-12-31,3.7,0.15
RV0841,EMP0841,2025-12-31,3.9,0.16
RV0842,EMP0842,2025-12-31,3.7,0.15
RV0843,EMP0843,2025-12-31,3.2,0.13
RV0844,EMP0844,2025-12-31,4.7,0.19
RV0845,EMP0845,2025-12-31,2.6,0.1
RV0846,EMP0846,2025-12-31,4.0,0.16
RV0847,EMP0847,2025-12-31,4.7,0.19
RV0848,EMP0848,2025-12-31,3.5,0.14
RV0849,EMP0849,2025-12-31,4.0,0.16
RV0850,EMP0850,2025-12-31,4.3,0.17
RV0851,EMP0851,2025-12-31,3.7,0.15
RV0852,EMP0852,2025-12-31,3.7,0.15
RV0853,EMP0853,2025-12-31,4.9,0.2
RV0854,EMP0854,2025-12-31,3.3,0.13
RV0855,EMP0855,2025-12-31,3.0,0.12
RV0856,EMP0856,2025-12-31,2.6,0.1
RV0857,EMP0857,2025-12-31,4.5,0.18
RV0858,EMP0858,2025-12-31,3.6,0.14
RV0859,EMP0859,2025-12-31,2.8,0.11
RV0860,EMP0860,2025-12-31,4.2,0.17
RV0861,EMP0861,2025-12-31,4.7,0.19
RV0862,EMP0862,2025-12-31,4.0,0.16
RV0863,EMP0863,2025-12-31,4.3,0.17
RV0864,EMP0864,2025-12-31,4.2,0.17
RV0865,EMP0865,2025-12-31,3.3,0.13
RV0866,EMP0866,2025-12-31,3.9,0.16
RV0867,EMP0867,2025-12-31,3.5,0.14
RV0868,EMP0868,2025-12-31,5.0,0.2
RV0869,EMP0869,2025-12-31,4.7,0.19
RV0870,EMP0870,2025-12-31,3.7,0.15
RV0871,EMP0871,2025-12-31,4.2,0.17
RV0872,EMP0872,2025-12-31,4.6,0.18
RV0873,EMP0873,2025-12-31,3.5,0.14
RV0874,EMP0874,2025-12-31,4.9,0.2
RV0875,EMP0875,2025-12-31,3.6,0.14
RV0876,EMP0876,2025-12-31,4.9,0.2
RV0877,EMP0877,2025-12-31,3.0,0.12
RV0878,EMP0878,2025-12-31,2.6,0.1
RV0879,EMP0879,2025-12-31,3.5,0.14
RV0880,EMP0880,2025-12-31,4.4,0.18
RV0881,EMP0881,2025-12-31,4.7,0.19
RV0882,EMP0882,2025-12-31,4.0,0.16
RV0883,EMP0883,2025-12-31,3.6,0.14
RV0884,EMP0884,2025-12-31,4.1,0.16
RV0885,EMP0885,2025-12-31,4.1,0.16
RV0886,EMP0886,2025-12-31,4.0,0.16
RV0887,EMP0887,2025-12-31,4.2,0.17
RV0888,EMP0888,2025-12-31,3.4,0.14
RV0889,EMP0889,2025-12-31,4.5,0.18
RV0890,EMP0890,2025-12-31,4.3,0.17
RV0891,EMP0891,2025-12-31,3.9,0.16
RV0892,EMP0892,2025-12-31,3.4,0.14
RV0893,EMP0893,2025-12-31,2.7,0.11
RV0894,EMP0894,2025-12-31,3.0,0.12
RV0895,EMP0895,2025-12-31,4.7,0.19
RV0896,EMP0896,2025-12-31,2.9,0.12
RV0897,EMP0897,2025-12-31,4.6,0.18
RV0898,EMP0898,2025-12-31,4.7,0.19
RV0899,EMP0899,2025-12-31,2.5,0.1
RV0900,EMP0900,2025-12-31,2.6,0.1
RV0901,EMP0901,2025-12-31,4.2,0.17
RV0902,EMP0902,2025-12-31,4.3,0.17
RV0903,EMP0903,2025-12-31,2.5,0.1
RV0904,EMP0904,2025-12-31,3.5,0.14
RV0905,EMP0905,2025-12-31,3.6,0.14
RV0906,EMP0906,2025-12-31,3.2,0.13
RV0907,EMP0907,2025-12-31,2.9,0.12
RV0908,EMP0908,2025-12-31,5.0,0.2
RV0909,EMP0909,2025-12-31,2.7,0.11
RV0910,EMP0910,2025-12-31,3.4,0.14
RV0911,EMP0911,2025-12-31,4.9,0.2
RV0912,EMP0912,2025-12-31,2.6,0.1
RV0913,EMP0913,2025-12-31,4.3,0.17
RV0914,EMP0914,2025-12-31,2.8,0.11
RV0915,EMP0915,2025-12-31,3.9,0.16
RV0916,EMP0916,2025-12-31,2.7,0.11
RV0917,EMP0917,2025-12-31,4.2,0.17
RV0918,EMP0918,2025-12-31,3.1,0.12
RV0919,EMP0919,2025-12-31,3.2,0.13
RV0920,EMP0920,2025-12-31,3.3,0.13
RV0921,EMP0921,2025-12-31,3.7,0.15
RV0922,EMP0922,2025-12-31,3.1,0.12
RV0923,EMP0923,2025-12-31,3.2,0.13
RV0924,EMP0924,2025-12-31,3.7,0.15
RV0925,EMP0925,2025-12-31,4.8,0.19
RV0926,EMP0926,2025-12-31,3.8,0.15
RV0927,EMP0927,2025-12-31,4.1,0.16
RV0928,EMP0928,2025-12-31,3.2,0.13
RV0929,EMP0929,2025-12-31,3.0,0.12
RV0930,EMP0930,2025-12-31,4.4,0.18
RV0931,EMP0931,2025-12-31,4.8,0.19
RV0932,EMP0932,2025-12-31,3.7,0.15
RV0933,EMP0933,2025-12-31,3.6,0.14
RV0934,EMP0934,2025-12-31,4.9,0.2
RV0935,EMP0935,2025-12-31,2.9,0.12
RV0936,EMP0936,2025-12-31,4.8,0.19
RV0937,EMP0937,2025-12-31,3.2,0.13
RV0938,EMP0938,2025-12-31,2.7,0.11
RV0939,EMP0939,2025-12-31,5.0,0.2
RV0940,EMP0940,2025-12-31,4.0,0.16
RV0941,EMP0941,2025-12-31,2.5,0.1
RV0942,EMP0942,2025-12-31,3.4,0.14
RV0943,EMP0943,2025-12-31,4.9,0.2
RV0944,EMP0944,2025-12-31,4.3,0.17
RV0945,EMP0945,2025-12-31,4.5,0.18
RV0946,EMP0946,2025-12-31,4.6,0.18
RV0947,EMP0947,2025-12-31,4.4,0.18
RV0948,EMP0948,2025-12-31,4.5,0.18
RV0949,EMP0949,2025-12-31,2.9,0.12
RV0950,EMP0950,2025-12-31,4.9,0.2
RV0951,EMP0951,2025-12-31,4.8,0.19
RV0952,EMP0952,2025-12-31,4.0,0.16
RV0953,EMP0953,2025-12-31,3.7,0.15
RV0954,EMP0954,2025-12-31,3.8,0.15
RV0955,EMP0955,2025-12-31,2.7,0.11
RV0956,EMP0956,2025-12-31,3.1,0.12
RV0957,EMP0957,2025-12-31,3.0,0.12
RV0958,EMP0958,2025-12-31,3.9,0.16
RV0959,EMP0959,2025-12-31,3.0,0.12
RV0960,EMP0960,2025-12-31,4.2,0.17
RV0961,EMP0961,2025-12-31,4.9,0.2
RV0962,EMP0962,2025-12-31,3.7,0.15
RV0963,EMP0963,2025-12-31,2.6,0.1
RV0964,EMP0964,2025-12-31,4.5,0.18
RV0965,EMP0965,2025-12-31,3.5,0.14
RV0966,EMP0966,2025-12-31,2.9,0.12
RV0967,EMP0967,2025-12-31,3.4,0.14
RV0968,EMP0968,2025-12-31,2.9,0.12
RV0969,EMP0969,2025-12-31,3.5,0.14
RV0970,EMP0970,2025-12-31,4.8,0.19
RV0971,EMP0971,2025-12-31,4.9,0.2
RV0972,EMP0972,2025-12-31,3.1,0.12
RV0973,EMP0973,2025-12-31,2.8,0.11
RV0974,EMP0974,2025-12-31,4.6,0.18
RV0975,EMP0975,2025-12-31,4.4,0.18
RV0976,EMP0976,2025-12-31,2.8,0.11
RV0977,EMP0977,2025-12-31,3.3,0.13
RV0978,EMP0978,2025-12-31,3.6,0.14
RV0979,EMP0979,2025-12-31,3.2,0.13
RV0980,EMP0980,2025-12-31,3.9,0.16
RV0981,EMP0981,2025-12-31,3.8,0.15
RV0982,EMP0982,2025-12-31,4.7,0.19
RV0983,EMP0983,2025-12-31,3.8,0.15
RV0984,EMP0984,2025-12-31,3.3,0.13
RV0985,EMP0985,2025-12-31,2.8,0.11
RV0986,EMP0986,2025-12-31,3.8,0.15
RV0987,EMP0987,2025-12-31,2.6,0.1
RV0988,EMP0988,2025-12-31,2.7,0.11
RV0989,EMP0989,2025-12-31,4.2,0.17
RV0990,EMP0990,2025-12-31,4.8,0.19
RV0991,EMP0991,2025-12-31,3.8,0.15
RV0992,EMP0992,2025-12-31,3.7,0.15
RV0993,EMP0993,2025-12-31,4.0,0.16
RV0994,EMP0994,2025-12-31,3.2,0.13
RV0995,EMP0995,2025-12-31,2.5,0.1
RV0996,EMP0996,2025-12-31,4.0,0.16
RV0997,EMP0997,2025-12-31,2.9,0.12
RV0998,EMP0998,2025-12-31,4.1,0.16
RV0999,EMP0999,2025-12-31,3.3,0.13
RV1000,EMP1000,2025-12-31,5.0,0.2
